date,service,category,vehicle
04/13/2022,04,home,honda city
04/04/2022,05,garage,toyota corolla
10/26/2022,02,garage,toyota corolla
06/19/2022,05,garage,honda city
12/17/2021,04,home,toyota corolla
05/28/2022,05,home,toyota corolla
07/13/2022,05,garage,toyota corolla
05/15/2022,05,garage,toyota corolla
09/22/2022,05,home,honda city
03/26/2022,03,garage,honda city
03/26/2022,05,garage,toyota corolla
10/04/2022,01,home,suzuki alto
07/19/2022,03,garage,honda city
03/09/2022,04,garage,toyota corolla
04/26/2022,06,home,suzuki alto
03/28/2022,05,garage,suzuki alto
04/03/2022,05,home,toyota corolla
03/12/2022,03,garage,toyota corolla
04/27/2022,05,garage,suzuki alto
07/13/2022,05,garage,honda city
06/07/2022,04,garage,suzuki alto
09/30/2022,06,home,toyota corolla
08/11/2022,02,garage,honda city
12/19/2021,01,garage,honda city
02/26/2022,06,garage,toyota corolla
08/15/2022,02,garage,suzuki alto
07/31/2022,02,garage,suzuki alto
11/14/2022,03,garage,suzuki alto
04/15/2022,01,garage,toyota corolla
11/21/2022,05,garage,suzuki alto
07/14/2022,03,garage,toyota corolla
11/23/2022,05,garage,toyota corolla
08/15/2022,02,garage,toyota corolla
05/24/2022,02,home,honda city
02/16/2022,02,home,suzuki alto
07/25/2022,06,home,honda city
05/24/2022,02,home,honda city
01/21/2022,02,home,toyota corolla
03/22/2022,01,home,toyota corolla
10/03/2022,04,home,honda city
10/06/2022,02,garage,toyota corolla
07/07/2022,06,home,honda city
11/20/2022,03,home,suzuki alto
02/09/2022,02,garage,honda city
02/12/2022,01,home,suzuki alto
08/04/2022,05,garage,honda city
06/12/2022,02,garage,toyota corolla
01/24/2022,06,home,honda city
09/01/2022,05,garage,honda city
04/11/2022,01,garage,suzuki alto
05/05/2022,04,garage,suzuki alto
02/06/2022,05,home,suzuki alto
06/07/2022,06,garage,suzuki alto
02/13/2022,02,home,suzuki alto
05/21/2022,06,garage,toyota corolla
07/29/2022,02,home,suzuki alto
03/01/2022,06,garage,suzuki alto
01/18/2022,03,garage,suzuki alto
12/23/2021,04,garage,honda city
10/01/2022,01,garage,toyota corolla
04/12/2022,06,home,toyota corolla
09/23/2022,06,garage,suzuki alto
12/04/2021,02,home,suzuki alto
09/29/2022,01,garage,toyota corolla
10/07/2022,05,garage,suzuki alto
10/05/2022,05,home,toyota corolla
08/03/2022,04,home,toyota corolla
11/22/2022,01,home,toyota corolla
06/08/2022,04,garage,honda city
10/09/2022,01,home,honda city
01/07/2022,05,garage,honda city
12/05/2021,06,garage,toyota corolla
12/08/2021,02,garage,toyota corolla
06/09/2022,06,garage,suzuki alto
07/04/2022,01,home,toyota corolla
03/17/2022,03,garage,suzuki alto
10/20/2022,03,home,suzuki alto
12/19/2021,03,garage,toyota corolla
09/29/2022,01,garage,suzuki alto
09/24/2022,05,home,suzuki alto
01/01/2022,04,garage,toyota corolla
03/26/2022,06,garage,honda city
07/20/2022,02,home,toyota corolla
03/27/2022,02,home,suzuki alto
09/10/2022,04,home,suzuki alto
11/16/2022,04,home,honda city
02/09/2022,02,home,toyota corolla
05/15/2022,04,home,suzuki alto
03/14/2022,03,home,honda city
11/08/2022,03,garage,toyota corolla
11/03/2022,03,home,honda city
09/01/2022,02,home,suzuki alto
12/21/2021,03,garage,honda city
03/10/2022,05,home,honda city
01/18/2022,04,home,toyota corolla
12/20/2021,02,home,honda city
05/18/2022,02,home,honda city
08/21/2022,06,garage,honda city
09/03/2022,03,garage,suzuki alto
02/09/2022,03,home,honda city
03/24/2022,04,garage,suzuki alto
03/20/2022,03,home,toyota corolla
01/02/2022,05,home,honda city
01/30/2022,04,home,toyota corolla
11/11/2022,06,garage,suzuki alto
03/18/2022,02,home,honda city
04/18/2022,06,garage,honda city
05/01/2022,03,garage,toyota corolla
03/05/2022,02,garage,honda city
03/21/2022,03,garage,toyota corolla
05/11/2022,05,home,honda city
05/28/2022,04,home,suzuki alto
05/03/2022,05,home,toyota corolla
12/25/2021,06,home,toyota corolla
07/21/2022,05,home,toyota corolla
10/08/2022,01,garage,toyota corolla
12/31/2021,03,home,suzuki alto
11/07/2022,03,home,toyota corolla
10/13/2022,04,garage,toyota corolla
11/14/2022,01,home,toyota corolla
08/08/2022,06,home,suzuki alto
09/18/2022,03,garage,suzuki alto
03/20/2022,04,garage,honda city
09/15/2022,01,garage,toyota corolla
01/22/2022,01,home,toyota corolla
05/01/2022,05,home,honda city
06/28/2022,03,garage,suzuki alto
05/12/2022,03,home,toyota corolla
06/13/2022,04,home,suzuki alto
05/12/2022,05,garage,toyota corolla
02/17/2022,03,home,suzuki alto
10/24/2022,05,garage,suzuki alto
04/15/2022,04,home,toyota corolla
08/14/2022,02,garage,suzuki alto
04/13/2022,06,garage,honda city
04/19/2022,04,home,toyota corolla
06/27/2022,03,garage,suzuki alto
07/17/2022,02,garage,honda city
05/19/2022,05,home,honda city
09/23/2022,05,garage,toyota corolla
01/21/2022,03,garage,toyota corolla
05/04/2022,06,home,honda city
04/04/2022,01,home,honda city
10/01/2022,04,garage,toyota corolla
01/26/2022,01,home,suzuki alto
12/12/2021,02,garage,toyota corolla
02/14/2022,01,home,toyota corolla
10/23/2022,06,garage,suzuki alto
12/04/2021,03,home,honda city
03/31/2022,05,garage,honda city
06/10/2022,02,home,honda city
07/21/2022,06,garage,toyota corolla
06/01/2022,04,home,suzuki alto
04/20/2022,03,garage,toyota corolla
11/12/2022,02,home,honda city
05/13/2022,01,garage,toyota corolla
06/10/2022,01,garage,toyota corolla
10/28/2022,05,home,toyota corolla
03/26/2022,03,home,honda city
12/04/2021,01,garage,toyota corolla
01/29/2022,04,home,honda city
10/23/2022,03,garage,suzuki alto
10/20/2022,03,garage,toyota corolla
03/20/2022,04,garage,toyota corolla
04/12/2022,05,home,toyota corolla
07/26/2022,02,garage,honda city
02/08/2022,06,home,honda city
04/24/2022,03,garage,suzuki alto
03/27/2022,02,garage,honda city
05/20/2022,02,home,honda city
11/02/2022,01,home,suzuki alto
06/12/2022,01,garage,honda city
11/16/2022,01,home,suzuki alto
08/26/2022,03,home,suzuki alto
06/25/2022,03,garage,toyota corolla
04/03/2022,04,garage,suzuki alto
09/08/2022,02,home,honda city
06/15/2022,04,home,suzuki alto
04/14/2022,04,garage,honda city
05/04/2022,03,home,suzuki alto
07/02/2022,01,garage,honda city
11/23/2022,04,garage,suzuki alto
01/12/2022,03,garage,honda city
06/18/2022,02,home,toyota corolla
11/01/2022,06,home,honda city
09/16/2022,02,garage,suzuki alto
09/22/2022,06,garage,suzuki alto
12/06/2021,03,home,honda city
01/20/2022,02,home,toyota corolla
05/14/2022,04,garage,toyota corolla
10/13/2022,02,garage,suzuki alto
11/15/2022,05,home,toyota corolla
11/23/2022,05,garage,toyota corolla
01/09/2022,06,garage,toyota corolla
09/16/2022,03,garage,toyota corolla
06/23/2022,02,garage,honda city
07/10/2022,05,home,toyota corolla
07/17/2022,02,garage,suzuki alto
04/30/2022,06,garage,suzuki alto
03/15/2022,04,garage,toyota corolla
08/26/2022,04,garage,honda city
06/09/2022,04,home,toyota corolla
04/11/2022,03,garage,honda city
02/25/2022,05,garage,suzuki alto
09/02/2022,05,home,toyota corolla
04/07/2022,04,home,toyota corolla
09/16/2022,06,home,toyota corolla
07/18/2022,05,garage,toyota corolla
02/10/2022,06,garage,honda city
08/13/2022,02,home,honda city
01/06/2022,01,garage,suzuki alto
11/27/2021,01,home,toyota corolla
07/04/2022,03,home,suzuki alto
04/30/2022,01,garage,honda city
02/21/2022,02,home,suzuki alto
03/02/2022,01,garage,toyota corolla
01/21/2022,05,garage,toyota corolla
01/18/2022,05,home,honda city
09/07/2022,06,garage,honda city
07/04/2022,02,garage,suzuki alto
12/11/2021,04,home,suzuki alto
01/13/2022,03,home,toyota corolla
11/02/2022,02,home,suzuki alto
10/25/2022,05,home,suzuki alto
01/29/2022,06,home,toyota corolla
06/26/2022,04,garage,suzuki alto
10/18/2022,04,home,suzuki alto
04/29/2022,04,home,honda city
07/21/2022,01,garage,toyota corolla
08/03/2022,02,home,suzuki alto
04/28/2022,04,garage,honda city
03/04/2022,04,home,toyota corolla
12/22/2021,06,garage,suzuki alto
06/22/2022,04,home,suzuki alto
04/14/2022,03,garage,toyota corolla
07/11/2022,02,garage,honda city
01/15/2022,06,home,toyota corolla
05/28/2022,05,home,honda city
02/11/2022,06,garage,honda city
07/08/2022,04,garage,toyota corolla
11/12/2022,04,garage,toyota corolla
08/18/2022,03,home,suzuki alto
03/17/2022,01,garage,toyota corolla
05/24/2022,06,home,toyota corolla
10/15/2022,06,home,suzuki alto
02/04/2022,05,garage,honda city
04/12/2022,06,home,suzuki alto
11/06/2022,02,home,toyota corolla
05/27/2022,05,home,suzuki alto
09/10/2022,02,garage,suzuki alto
12/14/2021,02,home,honda city
03/20/2022,05,garage,honda city
11/24/2022,04,garage,toyota corolla
01/22/2022,05,garage,honda city
10/26/2022,02,garage,honda city
09/29/2022,03,garage,toyota corolla
10/06/2022,06,home,toyota corolla
09/10/2022,01,garage,suzuki alto
12/07/2021,04,home,suzuki alto
02/12/2022,04,home,toyota corolla
12/31/2021,03,garage,suzuki alto
02/09/2022,01,garage,honda city
07/22/2022,03,garage,honda city
12/05/2021,05,home,suzuki alto
09/03/2022,01,home,suzuki alto
12/26/2021,02,home,toyota corolla
01/17/2022,05,garage,suzuki alto
09/28/2022,02,home,honda city
07/02/2022,01,garage,suzuki alto
02/05/2022,02,home,toyota corolla
04/21/2022,01,home,suzuki alto
06/16/2022,03,garage,suzuki alto
09/01/2022,05,garage,honda city
07/18/2022,02,home,honda city
04/18/2022,04,home,honda city
11/05/2022,01,home,toyota corolla
01/03/2022,03,garage,honda city
11/14/2022,04,garage,suzuki alto
01/25/2022,04,garage,honda city
11/20/2022,02,garage,honda city
05/22/2022,02,garage,suzuki alto
01/14/2022,03,home,toyota corolla
05/12/2022,04,home,honda city
09/02/2022,01,garage,toyota corolla
08/26/2022,06,garage,honda city
12/07/2021,05,home,suzuki alto
06/14/2022,05,home,honda city
08/08/2022,01,home,toyota corolla
04/02/2022,03,home,honda city
02/15/2022,06,garage,honda city
01/04/2022,01,garage,honda city
01/21/2022,02,home,suzuki alto
08/12/2022,05,garage,honda city
03/23/2022,03,garage,toyota corolla
11/01/2022,06,garage,honda city
04/16/2022,01,garage,toyota corolla
12/25/2021,03,garage,toyota corolla
06/20/2022,06,garage,toyota corolla
03/18/2022,06,home,toyota corolla
04/06/2022,01,garage,honda city
07/24/2022,02,garage,honda city
06/10/2022,04,garage,honda city
01/29/2022,06,home,suzuki alto
11/19/2022,04,garage,toyota corolla
03/13/2022,02,home,toyota corolla
12/20/2021,03,home,toyota corolla
12/19/2021,06,home,suzuki alto
06/14/2022,06,garage,honda city
12/18/2021,04,garage,suzuki alto
01/18/2022,03,garage,toyota corolla
06/09/2022,03,home,honda city
09/24/2022,01,home,toyota corolla
11/16/2022,05,home,toyota corolla
07/21/2022,04,home,suzuki alto
04/11/2022,05,garage,honda city
02/10/2022,03,home,honda city
07/22/2022,01,garage,suzuki alto
04/08/2022,02,home,honda city
03/12/2022,01,garage,toyota corolla
01/07/2022,01,home,suzuki alto
11/19/2022,05,garage,toyota corolla
03/29/2022,01,home,honda city
01/28/2022,02,home,toyota corolla
07/01/2022,05,garage,toyota corolla
07/31/2022,02,garage,suzuki alto
11/08/2022,01,garage,toyota corolla
06/17/2022,05,home,honda city
08/09/2022,02,home,suzuki alto
03/30/2022,02,garage,honda city
06/10/2022,06,garage,toyota corolla
04/16/2022,01,home,honda city
11/27/2021,02,garage,suzuki alto
11/02/2022,03,garage,suzuki alto
05/15/2022,06,home,suzuki alto
01/08/2022,03,home,suzuki alto
07/13/2022,06,home,suzuki alto
01/25/2022,04,garage,toyota corolla
11/17/2022,02,garage,toyota corolla
08/13/2022,05,garage,suzuki alto
07/07/2022,05,home,honda city
07/15/2022,01,garage,toyota corolla
10/30/2022,06,garage,suzuki alto
10/10/2022,06,home,toyota corolla
09/19/2022,03,home,honda city
02/17/2022,03,garage,suzuki alto
11/19/2022,04,home,honda city
02/04/2022,04,garage,toyota corolla
09/08/2022,05,garage,toyota corolla
04/04/2022,03,garage,honda city
07/19/2022,05,garage,honda city
07/29/2022,03,garage,suzuki alto
12/30/2021,02,garage,suzuki alto
11/18/2022,03,garage,toyota corolla
03/18/2022,03,garage,honda city
06/19/2022,02,garage,toyota corolla
12/11/2021,02,garage,honda city
12/03/2021,01,home,honda city
05/18/2022,02,home,suzuki alto
11/14/2022,03,home,honda city
10/02/2022,03,garage,toyota corolla
02/14/2022,02,home,toyota corolla
01/22/2022,05,home,suzuki alto
11/25/2022,03,garage,toyota corolla
04/10/2022,04,home,honda city
02/24/2022,05,garage,honda city
04/17/2022,06,home,honda city
11/04/2022,03,home,honda city
03/15/2022,06,garage,honda city
03/25/2022,02,garage,toyota corolla
05/06/2022,02,home,honda city
01/03/2022,03,home,toyota corolla
01/18/2022,05,garage,suzuki alto
07/15/2022,06,home,toyota corolla
07/15/2022,01,home,suzuki alto
07/19/2022,06,home,toyota corolla
03/28/2022,02,home,suzuki alto
06/14/2022,03,garage,suzuki alto
09/19/2022,01,garage,honda city
02/21/2022,03,home,suzuki alto
01/27/2022,05,garage,suzuki alto
06/07/2022,02,home,suzuki alto
04/23/2022,05,home,honda city
08/02/2022,03,garage,toyota corolla
11/01/2022,03,home,honda city
10/18/2022,01,home,toyota corolla
05/17/2022,01,garage,toyota corolla
11/06/2022,01,home,suzuki alto
09/17/2022,04,garage,toyota corolla
08/22/2022,06,home,suzuki alto
11/07/2022,04,home,suzuki alto
04/18/2022,02,garage,toyota corolla
12/31/2021,03,home,honda city
07/10/2022,06,home,suzuki alto
05/20/2022,05,garage,honda city
07/01/2022,05,garage,suzuki alto
01/24/2022,06,garage,suzuki alto
05/18/2022,01,garage,suzuki alto
09/12/2022,06,garage,suzuki alto
03/27/2022,01,home,toyota corolla
06/20/2022,05,garage,toyota corolla
01/28/2022,04,home,suzuki alto
03/15/2022,04,garage,toyota corolla
11/02/2022,04,garage,toyota corolla
08/18/2022,01,garage,suzuki alto
10/28/2022,01,home,honda city
03/20/2022,01,home,honda city
10/14/2022,06,garage,suzuki alto
10/02/2022,04,home,suzuki alto
01/29/2022,06,home,suzuki alto
10/12/2022,05,garage,toyota corolla
11/04/2022,02,garage,toyota corolla
12/09/2021,03,garage,toyota corolla
12/04/2021,05,home,honda city
04/24/2022,02,home,suzuki alto
12/07/2021,04,home,toyota corolla
06/10/2022,05,garage,suzuki alto
09/04/2022,01,home,suzuki alto
02/04/2022,02,garage,toyota corolla
08/24/2022,01,home,suzuki alto
06/11/2022,01,home,suzuki alto
02/25/2022,05,garage,honda city
10/15/2022,02,garage,honda city
01/03/2022,06,garage,suzuki alto
04/09/2022,02,home,honda city
09/15/2022,02,garage,toyota corolla
02/01/2022,01,home,suzuki alto
10/31/2022,06,garage,honda city
04/06/2022,01,home,toyota corolla
05/05/2022,03,home,honda city
08/24/2022,04,garage,suzuki alto
11/03/2022,05,home,honda city
08/25/2022,06,home,toyota corolla
05/06/2022,03,garage,honda city
03/03/2022,04,home,toyota corolla
02/03/2022,06,home,suzuki alto
10/07/2022,01,garage,suzuki alto
03/01/2022,06,garage,toyota corolla
03/09/2022,03,garage,honda city
01/09/2022,03,garage,suzuki alto
10/23/2022,04,garage,honda city
06/25/2022,05,garage,honda city
10/14/2022,04,home,honda city
05/04/2022,06,garage,suzuki alto
10/17/2022,05,garage,suzuki alto
10/04/2022,03,home,honda city
07/19/2022,06,garage,honda city
03/05/2022,02,garage,toyota corolla
07/06/2022,03,garage,honda city
01/08/2022,02,home,honda city
04/29/2022,01,home,honda city
07/28/2022,01,garage,suzuki alto
05/09/2022,06,home,toyota corolla
03/23/2022,02,home,honda city
08/20/2022,01,home,suzuki alto
06/08/2022,05,garage,toyota corolla
10/31/2022,06,garage,toyota corolla
09/19/2022,05,home,honda city
03/08/2022,04,garage,honda city
12/21/2021,02,home,honda city
12/17/2021,05,home,honda city
02/27/2022,05,home,suzuki alto
11/19/2022,04,garage,toyota corolla
02/05/2022,06,home,toyota corolla
07/17/2022,05,home,suzuki alto
02/21/2022,01,garage,suzuki alto
06/21/2022,04,garage,toyota corolla
07/20/2022,01,home,honda city
02/20/2022,03,home,suzuki alto
10/12/2022,03,home,toyota corolla
05/17/2022,01,home,honda city
03/21/2022,02,garage,honda city
05/08/2022,03,home,toyota corolla
05/17/2022,02,garage,honda city
08/04/2022,06,home,suzuki alto
10/19/2022,01,home,suzuki alto
04/26/2022,01,garage,toyota corolla
11/08/2022,04,garage,suzuki alto
01/21/2022,03,home,suzuki alto
09/08/2022,06,garage,suzuki alto
07/22/2022,01,home,toyota corolla
01/21/2022,03,home,honda city
11/18/2022,01,garage,honda city
01/17/2022,06,home,suzuki alto
06/02/2022,03,home,suzuki alto
01/28/2022,04,garage,suzuki alto
06/04/2022,06,home,toyota corolla
01/25/2022,01,home,suzuki alto
04/29/2022,02,home,honda city
10/19/2022,05,garage,toyota corolla
11/22/2022,05,garage,toyota corolla
06/18/2022,06,garage,toyota corolla
10/30/2022,03,garage,toyota corolla
01/09/2022,06,home,honda city
11/01/2022,04,home,toyota corolla
10/27/2022,01,garage,honda city
11/01/2022,01,garage,toyota corolla
07/04/2022,04,garage,suzuki alto
10/31/2022,05,garage,toyota corolla
11/02/2022,01,home,honda city
07/24/2022,06,home,suzuki alto
04/04/2022,05,home,toyota corolla
10/25/2022,06,home,honda city
08/05/2022,01,garage,suzuki alto
11/06/2022,06,garage,honda city
01/19/2022,02,home,honda city
03/28/2022,01,home,toyota corolla
03/13/2022,04,garage,suzuki alto
07/14/2022,04,home,toyota corolla
02/06/2022,02,home,toyota corolla
11/26/2021,01,home,suzuki alto
12/07/2021,02,garage,toyota corolla
05/10/2022,01,home,suzuki alto
02/14/2022,04,garage,honda city
02/08/2022,04,home,suzuki alto
04/12/2022,02,garage,suzuki alto
05/05/2022,03,garage,honda city
07/19/2022,03,home,suzuki alto
07/14/2022,01,home,toyota corolla
03/06/2022,06,home,honda city
12/12/2021,03,home,honda city
04/05/2022,06,home,toyota corolla
05/05/2022,03,garage,toyota corolla
06/02/2022,04,garage,honda city
04/14/2022,05,home,honda city
05/27/2022,02,home,suzuki alto
08/09/2022,03,garage,honda city
02/16/2022,03,garage,toyota corolla
01/14/2022,06,home,toyota corolla
02/24/2022,04,home,honda city
03/16/2022,01,home,toyota corolla
12/30/2021,03,garage,suzuki alto
12/18/2021,05,garage,toyota corolla
07/17/2022,04,garage,honda city
11/12/2022,04,home,honda city
06/02/2022,04,garage,toyota corolla
02/23/2022,04,garage,honda city
01/25/2022,04,home,toyota corolla
09/26/2022,03,home,toyota corolla
08/21/2022,06,garage,suzuki alto
11/09/2022,01,garage,suzuki alto
01/27/2022,04,home,honda city
06/05/2022,06,garage,suzuki alto
10/06/2022,05,garage,suzuki alto
02/08/2022,02,home,suzuki alto
06/27/2022,01,garage,suzuki alto
05/26/2022,06,home,toyota corolla
06/03/2022,02,garage,suzuki alto
11/03/2022,06,home,honda city
02/25/2022,06,garage,honda city
06/13/2022,06,home,toyota corolla
11/11/2022,06,garage,toyota corolla
01/31/2022,06,garage,suzuki alto
06/13/2022,04,home,suzuki alto
05/10/2022,05,garage,honda city
07/20/2022,05,garage,honda city
06/17/2022,04,garage,toyota corolla
12/13/2021,04,garage,toyota corolla
09/14/2022,05,garage,toyota corolla
11/24/2022,01,garage,suzuki alto
10/26/2022,03,garage,honda city
09/27/2022,05,home,suzuki alto
07/26/2022,05,home,toyota corolla
08/23/2022,02,garage,toyota corolla
07/22/2022,06,home,honda city
12/06/2021,03,home,honda city
06/26/2022,05,home,honda city
06/23/2022,04,garage,toyota corolla
06/15/2022,01,home,suzuki alto
01/23/2022,06,garage,toyota corolla
08/19/2022,01,garage,suzuki alto
05/24/2022,03,home,suzuki alto
05/20/2022,03,home,suzuki alto
06/04/2022,03,home,toyota corolla
05/05/2022,04,garage,toyota corolla
05/02/2022,06,home,suzuki alto
06/12/2022,05,garage,toyota corolla
09/24/2022,03,garage,toyota corolla
05/31/2022,03,garage,suzuki alto
11/08/2022,04,home,honda city
02/21/2022,06,home,honda city
01/18/2022,04,garage,honda city
12/18/2021,01,home,toyota corolla
08/23/2022,04,garage,suzuki alto
03/21/2022,02,garage,suzuki alto
01/06/2022,01,garage,honda city
03/11/2022,05,home,toyota corolla
08/13/2022,06,home,honda city
06/06/2022,06,garage,toyota corolla
05/12/2022,03,home,suzuki alto
06/20/2022,03,garage,toyota corolla
12/01/2021,02,home,suzuki alto
10/08/2022,05,garage,suzuki alto
09/29/2022,04,home,honda city
11/30/2021,05,garage,suzuki alto
02/21/2022,03,home,honda city
06/17/2022,06,home,honda city
12/08/2021,01,garage,honda city
12/14/2021,01,garage,toyota corolla
11/10/2022,02,garage,toyota corolla
12/23/2021,06,home,toyota corolla
04/19/2022,01,garage,honda city
01/03/2022,05,garage,suzuki alto
03/31/2022,05,garage,honda city
07/03/2022,04,garage,suzuki alto
04/30/2022,01,home,suzuki alto
12/23/2021,01,garage,toyota corolla
02/11/2022,04,home,toyota corolla
12/12/2021,04,garage,honda city
01/02/2022,02,garage,toyota corolla
08/28/2022,05,home,honda city
07/02/2022,04,home,suzuki alto
12/26/2021,01,home,honda city
09/16/2022,01,garage,suzuki alto
11/15/2022,03,home,honda city
02/04/2022,04,home,toyota corolla
09/30/2022,02,home,toyota corolla
10/03/2022,04,garage,toyota corolla
12/28/2021,06,garage,honda city
09/06/2022,01,home,suzuki alto
08/07/2022,06,garage,honda city
04/04/2022,03,garage,suzuki alto
11/20/2022,05,garage,suzuki alto
03/28/2022,04,garage,toyota corolla
06/20/2022,03,garage,suzuki alto
03/31/2022,02,home,honda city
06/10/2022,02,garage,suzuki alto
04/26/2022,03,garage,toyota corolla
09/13/2022,01,garage,suzuki alto
12/16/2021,02,garage,honda city
08/20/2022,02,garage,honda city
07/04/2022,05,home,suzuki alto
08/10/2022,02,garage,suzuki alto
01/31/2022,02,home,honda city
04/09/2022,06,home,toyota corolla
06/23/2022,01,garage,toyota corolla
03/26/2022,03,home,honda city
02/02/2022,06,home,honda city
07/16/2022,04,home,suzuki alto
05/23/2022,01,home,toyota corolla
01/08/2022,06,garage,honda city
11/06/2022,04,home,honda city
03/16/2022,06,garage,honda city
04/26/2022,05,garage,suzuki alto
09/05/2022,04,garage,suzuki alto
04/17/2022,06,home,honda city
10/28/2022,05,home,honda city
05/31/2022,04,garage,suzuki alto
04/19/2022,02,home,honda city
04/19/2022,05,home,suzuki alto
11/18/2022,05,home,suzuki alto
10/29/2022,04,home,toyota corolla
04/21/2022,04,home,honda city
03/07/2022,04,garage,suzuki alto
04/23/2022,03,garage,toyota corolla
12/29/2021,02,garage,suzuki alto
12/09/2021,06,home,toyota corolla
12/23/2021,01,home,toyota corolla
12/31/2021,06,home,toyota corolla
02/24/2022,01,garage,suzuki alto
06/11/2022,03,home,suzuki alto
08/05/2022,01,garage,suzuki alto
09/04/2022,02,garage,suzuki alto
03/06/2022,01,home,toyota corolla
06/28/2022,02,home,suzuki alto
10/13/2022,03,garage,honda city
10/08/2022,04,home,toyota corolla
05/02/2022,03,garage,toyota corolla
11/16/2022,02,garage,honda city
04/12/2022,02,garage,honda city
11/06/2022,03,garage,suzuki alto
01/18/2022,03,garage,suzuki alto
04/25/2022,01,garage,suzuki alto
10/19/2022,05,garage,suzuki alto
01/17/2022,05,home,honda city
01/29/2022,06,home,toyota corolla
07/31/2022,05,home,toyota corolla
04/12/2022,05,garage,honda city
03/15/2022,06,home,honda city
05/17/2022,01,garage,honda city
06/11/2022,01,home,honda city
01/05/2022,03,garage,toyota corolla
08/03/2022,04,garage,honda city
11/10/2022,05,home,toyota corolla
05/14/2022,05,home,toyota corolla
09/01/2022,05,home,suzuki alto
12/20/2021,02,home,toyota corolla
10/09/2022,01,home,honda city
11/07/2022,04,garage,toyota corolla
01/09/2022,06,garage,honda city
09/26/2022,04,home,toyota corolla
03/31/2022,05,garage,toyota corolla
05/15/2022,05,garage,toyota corolla
11/14/2022,03,garage,honda city
10/22/2022,06,home,toyota corolla
07/18/2022,05,home,suzuki alto
04/15/2022,03,garage,honda city
03/15/2022,03,garage,toyota corolla
02/05/2022,05,garage,suzuki alto
05/01/2022,01,garage,honda city
10/01/2022,06,home,toyota corolla
03/28/2022,04,home,suzuki alto
02/18/2022,06,home,honda city
04/05/2022,03,garage,honda city
10/06/2022,03,garage,honda city
10/07/2022,05,home,toyota corolla
11/25/2022,05,home,toyota corolla
11/21/2022,02,garage,toyota corolla
02/17/2022,04,garage,toyota corolla
09/05/2022,06,garage,toyota corolla
11/30/2021,06,garage,suzuki alto
10/02/2022,02,garage,suzuki alto
06/05/2022,05,home,honda city
01/02/2022,06,home,suzuki alto
03/07/2022,06,garage,honda city
08/28/2022,05,home,honda city
09/29/2022,01,garage,suzuki alto
11/28/2021,05,home,honda city
06/17/2022,03,home,suzuki alto
08/17/2022,04,home,honda city
02/26/2022,06,garage,suzuki alto
09/26/2022,02,garage,honda city
01/22/2022,05,garage,toyota corolla
08/30/2022,06,home,honda city
11/16/2022,03,garage,toyota corolla
06/17/2022,01,garage,suzuki alto
10/29/2022,01,garage,toyota corolla
01/19/2022,04,garage,toyota corolla
11/06/2022,06,garage,suzuki alto
11/18/2022,01,garage,honda city
12/06/2021,04,home,honda city
12/16/2021,01,home,suzuki alto
12/13/2021,06,garage,honda city
11/07/2022,02,home,honda city
09/21/2022,04,garage,suzuki alto
11/26/2021,01,home,toyota corolla
09/28/2022,05,garage,suzuki alto
10/04/2022,04,garage,suzuki alto
11/15/2022,04,home,toyota corolla
07/26/2022,06,garage,honda city
12/25/2021,03,garage,suzuki alto
11/27/2021,02,home,toyota corolla
02/17/2022,02,garage,suzuki alto
07/11/2022,02,home,suzuki alto
11/21/2022,04,garage,suzuki alto
01/25/2022,01,garage,toyota corolla
01/05/2022,06,home,suzuki alto
01/21/2022,04,garage,toyota corolla
08/21/2022,05,garage,toyota corolla
12/16/2021,02,garage,suzuki alto
03/19/2022,02,garage,suzuki alto
09/14/2022,05,garage,toyota corolla
01/06/2022,01,home,suzuki alto
03/15/2022,05,garage,honda city
07/07/2022,03,garage,toyota corolla
10/29/2022,05,home,suzuki alto
11/03/2022,01,home,honda city
08/16/2022,01,garage,honda city
01/20/2022,02,garage,toyota corolla
12/04/2021,01,home,toyota corolla
03/18/2022,01,garage,suzuki alto
07/20/2022,01,home,toyota corolla
06/23/2022,05,garage,suzuki alto
11/09/2022,04,home,toyota corolla
03/18/2022,06,garage,suzuki alto
09/04/2022,03,home,toyota corolla
07/16/2022,03,garage,toyota corolla
01/17/2022,05,home,toyota corolla
09/21/2022,02,home,suzuki alto
06/23/2022,04,garage,honda city
06/22/2022,02,home,honda city
03/15/2022,05,garage,toyota corolla
10/01/2022,01,home,toyota corolla
04/17/2022,05,home,suzuki alto
04/18/2022,05,garage,toyota corolla
03/08/2022,02,garage,suzuki alto
06/02/2022,05,home,suzuki alto
02/23/2022,02,garage,honda city
08/21/2022,01,garage,suzuki alto
09/12/2022,04,home,honda city
04/08/2022,04,garage,suzuki alto
08/26/2022,02,home,honda city
01/26/2022,02,home,suzuki alto
11/15/2022,04,home,toyota corolla
05/06/2022,02,garage,suzuki alto
09/01/2022,04,home,toyota corolla
02/25/2022,06,garage,suzuki alto
04/24/2022,04,garage,suzuki alto
08/28/2022,04,garage,toyota corolla
01/03/2022,01,garage,toyota corolla
10/01/2022,02,home,suzuki alto
08/22/2022,06,garage,toyota corolla
08/16/2022,05,home,suzuki alto
01/03/2022,03,home,suzuki alto
12/07/2021,02,home,honda city
08/23/2022,06,home,honda city
09/10/2022,02,home,suzuki alto
02/18/2022,05,home,honda city
11/18/2022,03,home,toyota corolla
04/16/2022,01,home,honda city
09/11/2022,05,garage,honda city
04/15/2022,04,home,toyota corolla
04/12/2022,03,home,suzuki alto
03/22/2022,01,home,suzuki alto
06/07/2022,02,home,suzuki alto
06/08/2022,02,garage,honda city
11/28/2021,03,garage,suzuki alto
04/22/2022,05,garage,toyota corolla
09/11/2022,01,home,suzuki alto
01/17/2022,03,garage,suzuki alto
04/01/2022,02,home,suzuki alto
03/08/2022,02,home,honda city
05/24/2022,03,home,toyota corolla
07/22/2022,02,home,toyota corolla
10/28/2022,02,garage,suzuki alto
05/20/2022,05,home,toyota corolla
11/25/2022,03,home,toyota corolla
12/28/2021,04,garage,suzuki alto
02/27/2022,06,home,honda city
02/08/2022,05,garage,honda city
01/07/2022,03,garage,honda city
07/21/2022,06,home,suzuki alto
02/17/2022,06,garage,toyota corolla
11/29/2021,02,garage,honda city
11/25/2022,02,home,honda city
03/01/2022,01,garage,suzuki alto
12/30/2021,05,garage,honda city
09/02/2022,06,garage,suzuki alto
06/23/2022,05,home,toyota corolla
03/24/2022,05,garage,suzuki alto
09/23/2022,01,home,toyota corolla
12/21/2021,05,garage,toyota corolla
03/20/2022,03,garage,suzuki alto
11/03/2022,01,home,suzuki alto
03/22/2022,02,home,suzuki alto
08/16/2022,04,home,toyota corolla
01/16/2022,04,home,suzuki alto
04/04/2022,02,garage,suzuki alto
12/02/2021,03,home,suzuki alto
10/18/2022,02,garage,suzuki alto
07/03/2022,03,garage,suzuki alto
09/23/2022,01,garage,honda city
06/03/2022,06,home,toyota corolla
01/02/2022,04,home,honda city
12/07/2021,01,home,toyota corolla
05/29/2022,06,garage,toyota corolla
07/19/2022,06,home,honda city
04/21/2022,06,home,honda city
03/29/2022,06,home,toyota corolla
01/02/2022,01,home,honda city
04/05/2022,02,home,toyota corolla
08/11/2022,06,garage,toyota corolla
04/03/2022,01,home,suzuki alto
04/01/2022,02,home,suzuki alto
05/02/2022,02,garage,honda city
02/18/2022,02,home,toyota corolla
02/16/2022,03,garage,toyota corolla
10/04/2022,01,home,honda city
05/25/2022,06,home,toyota corolla
05/26/2022,04,garage,suzuki alto
10/04/2022,02,home,toyota corolla
05/13/2022,04,home,suzuki alto
07/26/2022,02,garage,honda city
01/06/2022,01,garage,suzuki alto
06/04/2022,06,garage,suzuki alto
07/19/2022,06,home,suzuki alto
11/04/2022,02,garage,toyota corolla
12/17/2021,06,home,toyota corolla
07/03/2022,01,home,suzuki alto
09/06/2022,05,garage,suzuki alto
06/20/2022,01,garage,toyota corolla
12/20/2021,05,garage,suzuki alto
08/15/2022,04,garage,suzuki alto
09/06/2022,03,home,honda city
10/25/2022,05,home,honda city
06/02/2022,04,garage,suzuki alto
08/30/2022,03,home,toyota corolla
02/03/2022,02,garage,honda city
12/21/2021,06,garage,toyota corolla
02/13/2022,04,garage,toyota corolla
06/11/2022,05,garage,suzuki alto
07/21/2022,04,garage,toyota corolla
03/13/2022,03,garage,honda city
01/26/2022,02,garage,toyota corolla
12/05/2021,06,garage,suzuki alto
11/21/2022,01,garage,honda city
08/14/2022,03,home,suzuki alto
09/25/2022,06,garage,honda city
09/20/2022,03,home,toyota corolla
05/03/2022,01,garage,suzuki alto
01/09/2022,04,garage,toyota corolla
05/13/2022,01,garage,honda city
02/26/2022,04,home,suzuki alto
06/21/2022,05,garage,suzuki alto
02/15/2022,05,home,toyota corolla
04/22/2022,05,garage,toyota corolla
04/09/2022,04,home,toyota corolla
04/03/2022,06,home,suzuki alto
05/30/2022,04,home,honda city
06/06/2022,02,garage,toyota corolla
10/14/2022,04,garage,toyota corolla
09/25/2022,01,home,toyota corolla
06/07/2022,01,garage,toyota corolla
09/17/2022,02,garage,suzuki alto
10/30/2022,05,garage,toyota corolla
08/08/2022,01,garage,suzuki alto
06/13/2022,06,garage,toyota corolla
04/27/2022,05,home,toyota corolla
09/28/2022,01,home,toyota corolla
08/07/2022,02,home,toyota corolla
12/02/2021,03,garage,toyota corolla
07/23/2022,05,garage,toyota corolla
10/08/2022,04,home,suzuki alto
01/02/2022,02,home,toyota corolla
08/01/2022,03,garage,honda city
03/05/2022,01,home,suzuki alto
04/21/2022,04,garage,suzuki alto
08/02/2022,02,garage,suzuki alto
02/01/2022,03,garage,toyota corolla
05/08/2022,06,home,toyota corolla
10/12/2022,03,garage,toyota corolla
10/17/2022,02,garage,honda city
07/28/2022,02,home,toyota corolla
11/15/2022,02,garage,suzuki alto
09/27/2022,02,garage,honda city
06/23/2022,02,garage,toyota corolla
11/11/2022,05,garage,honda city
04/07/2022,03,garage,suzuki alto
05/18/2022,05,home,suzuki alto
01/30/2022,01,home,suzuki alto
01/01/2022,01,home,suzuki alto
09/09/2022,06,garage,suzuki alto
01/27/2022,04,garage,honda city
06/15/2022,03,garage,suzuki alto
10/10/2022,06,home,honda city
09/28/2022,02,garage,honda city
11/08/2022,02,garage,toyota corolla
06/02/2022,02,garage,toyota corolla
10/22/2022,06,home,toyota corolla
01/03/2022,01,garage,suzuki alto
09/03/2022,06,home,toyota corolla
05/30/2022,06,garage,suzuki alto
01/17/2022,03,garage,suzuki alto
05/10/2022,01,home,honda city
02/05/2022,06,garage,toyota corolla
04/30/2022,02,garage,toyota corolla
02/14/2022,02,garage,honda city
12/07/2021,02,home,toyota corolla
11/12/2022,04,home,toyota corolla
12/29/2021,03,home,toyota corolla
06/04/2022,02,home,toyota corolla
08/21/2022,02,home,suzuki alto
07/02/2022,03,home,honda city
07/08/2022,06,home,toyota corolla
11/18/2022,06,garage,suzuki alto
12/14/2021,02,home,toyota corolla
06/09/2022,04,garage,honda city
06/25/2022,05,garage,toyota corolla
08/26/2022,01,garage,suzuki alto
10/30/2022,06,home,toyota corolla
11/28/2021,02,home,toyota corolla
11/26/2021,01,garage,honda city
03/08/2022,04,garage,toyota corolla
12/10/2021,04,home,honda city
01/03/2022,02,garage,toyota corolla
11/13/2022,06,garage,honda city
07/28/2022,05,garage,toyota corolla
08/03/2022,05,home,honda city
08/12/2022,04,home,suzuki alto
02/03/2022,04,home,honda city
06/03/2022,05,home,toyota corolla
09/01/2022,03,home,toyota corolla
04/23/2022,03,garage,suzuki alto
05/08/2022,05,home,toyota corolla
11/18/2022,03,home,honda city
07/13/2022,03,home,suzuki alto
05/26/2022,06,home,honda city
07/10/2022,04,garage,honda city
03/25/2022,05,home,honda city
11/15/2022,04,garage,honda city
01/19/2022,04,garage,toyota corolla
07/30/2022,03,home,honda city
09/13/2022,06,home,suzuki alto
04/25/2022,03,home,suzuki alto
08/07/2022,06,home,toyota corolla
04/04/2022,06,home,honda city
11/27/2021,06,home,suzuki alto
07/29/2022,02,garage,honda city
01/23/2022,05,home,honda city
02/15/2022,02,home,toyota corolla
10/15/2022,02,garage,toyota corolla
09/29/2022,05,home,honda city
11/24/2022,02,home,toyota corolla
06/11/2022,01,garage,suzuki alto
05/13/2022,05,garage,suzuki alto
02/21/2022,02,garage,toyota corolla
10/16/2022,04,garage,suzuki alto
01/28/2022,01,home,honda city
12/01/2021,05,garage,suzuki alto
08/23/2022,02,garage,honda city
04/16/2022,01,garage,toyota corolla
